name;prop;#initonly;#finalOnly;#noChange;#change;#tool;#method;#time;mem MB;#ans
5Aarnet.gml;(Reach 113);24;24;30;6;reduce=True;VerifyMethod.allSymbolic;0.006687561670939066;88.29466666666667;True
5Abilene.gml;(Reach 59);24;24;6;6;reduce=True;VerifyMethod.allSymbolic;0.006040096282958933;87.87733333333334;True
5Abvt.gml;(Reach 134);34;34;8;6;reduce=True;VerifyMethod.allSymbolic;0.0064171950022379005;88.26666666666667;True
5Aconet.gml;(Reach 136);18;18;6;6;reduce=True;VerifyMethod.allSymbolic;0.005694071451822867;88.31599999999999;True
5Agis.gml;(Reach 143);18;18;24;6;reduce=True;VerifyMethod.allSymbolic;0.006106932957967067;88.51466666666666;True
5Airtel.gml;(Reach 95);6;6;18;6;reduce=True;VerifyMethod.allSymbolic;0.005467096964518167;88.97466666666666;True
5Ans.gml;(Reach 106);18;24;18;6;reduce=True;VerifyMethod.allSymbolic;0.0063468615214029335;88.23866666666667;True
5Arnes.gml;(Reach 197);18;30;13;17;reduce=True;VerifyMethod.allSymbolic;0.03725147247314447;89.07333333333332;True
5Arpanet196912.gml;(Reach 23);0;2;16;2;reduce=True;VerifyMethod.allSymbolic;0.004689772923787367;88.952;True
5Arpanet19706.gml;(Reach 52);5;16;16;9;reduce=True;VerifyMethod.allSymbolic;0.0114041169484456;87.83333333333333;True
5Arpanet19719.gml;(Reach 103);34;39;8;6;reduce=True;VerifyMethod.allSymbolic;0.006734927495320567;88.92133333333334;True
5Arpanet19723.gml;(Reach 145);54;59;6;6;reduce=True;VerifyMethod.allSymbolic;0.007915894190470334;88.51066666666668;True
5Arpanet19728.gml;(Reach 171);48;48;6;6;reduce=True;VerifyMethod.allSymbolic;0.0069193045298258;88.69466666666666;True
5AsnetAm.gml;(Reach 383);15;21;27;12;reduce=True;VerifyMethod.allSymbolic;0.027673006057739202;89.73466666666667;True
5Atmnet.gml;(Reach 120);48;54;6;6;reduce=True;VerifyMethod.allSymbolic;0.007367134094238201;88.30266666666667;True
5AttMpls.gml;(Reach 149);17;23;8;11;reduce=True;VerifyMethod.allSymbolic;0.014658053716023732;89.05066666666666;True
5Bbnplanet.gml;(Reach 148);24;24;18;6;reduce=True;VerifyMethod.allSymbolic;0.006199598312377899;88.47866666666668;True
5Bellcanada.gml;(Reach 250);42;48;30;12;reduce=True;VerifyMethod.allSymbolic;0.0225574970245361;89.74133333333333;True
5Bellsouth.gml;(Reach 291);6;12;36;6;reduce=True;VerifyMethod.allSymbolic;0.005947987238566033;89.748;True
5Belnet2003.gml;(Reach 137);6;6;12;6;reduce=True;VerifyMethod.allSymbolic;0.0054283142089842995;88.71199999999999;True
5Belnet2004.gml;(Reach 137);6;6;12;6;reduce=True;VerifyMethod.allSymbolic;0.005628903706868467;88.60933333333332;True
5Belnet2005.gml;(Reach 137);7;7;11;6;reduce=True;VerifyMethod.allSymbolic;0.005649487177530867;88.71733333333333;True
5Belnet2006.gml;(Reach 137);7;7;11;6;reduce=True;VerifyMethod.allSymbolic;0.005594094594319633;89.92266666666667;True
5Belnet2007.gml;(Reach 120);26;42;6;16;reduce=True;VerifyMethod.allSymbolic;0.06082328160603837;89.7;True
5Belnet2008.gml;(Reach 120);26;42;6;16;reduce=True;VerifyMethod.allSymbolic;0.0671449502309163;88.49866666666667;True
5Belnet2009.gml;(Reach 114);36;42;6;6;reduce=True;VerifyMethod.allSymbolic;0.007223685582478799;88.476;True
5Belnet2010.gml;(Reach 126);26;42;6;16;reduce=True;VerifyMethod.allSymbolic;0.0751822789510091;88.51733333333334;True
5BeyondTheNetwork.gml;(Reach 291);14;21;28;6;reduce=True;VerifyMethod.allSymbolic;0.007396777470906534;89.656;True
5Bics.gml;(Reach 193);27;30;21;6;reduce=True;VerifyMethod.allSymbolic;0.006992419560750266;88.99866666666667;True
5Biznet.gml;(Reach 164);66;72;24;12;reduce=True;VerifyMethod.allSymbolic;0.028593222300211534;88.74666666666667;True
5Bren.gml;(Reach 221);24;36;18;12;reduce=True;VerifyMethod.allSymbolic;0.023045619328816668;89.004;True
5BsonetEurope.gml;(Reach 106);10;10;26;6;reduce=True;VerifyMethod.allSymbolic;0.0063381195068359;88.18666666666667;True
5BtAsiaPac.gml;(Reach 119);6;6;18;6;reduce=True;VerifyMethod.allSymbolic;0.005733728408813434;89.65733333333333;True
5BtEurope.gml;(Reach 140);6;6;18;6;reduce=True;VerifyMethod.allSymbolic;0.0058050155639647995;88.53066666666666;True
5BtNorthAmerica.gml;(Reach 214);22;27;11;9;reduce=True;VerifyMethod.allSymbolic;0.012074549992879166;89.5;True
5Canerie.gml;(Reach 190);17;34;21;16;reduce=True;VerifyMethod.allSymbolic;0.0307226181030273;88.80400000000002;True
5Cernet.gml;(Reach 243);6;17;13;17;reduce=True;VerifyMethod.allSymbolic;0.034413417180379165;89.40666666666668;True
5Cesnet2001.gml;(Reach 132);5;5;20;5;reduce=True;VerifyMethod.allSymbolic;0.005387544631957966;88.25866666666667;True
5Cesnet200304.gml;(Reach 168);9;12;24;9;reduce=True;VerifyMethod.allSymbolic;0.011379877726236965;88.70666666666666;True
5Cesnet200511.gml;(Reach 214);12;12;30;6;reduce=True;VerifyMethod.allSymbolic;0.0062002340952554665;89.01066666666667;True
5Cesnet200603.gml;(Reach 214);12;12;30;6;reduce=True;VerifyMethod.allSymbolic;0.0061793327331542336;89.62266666666666;True
5Cesnet200706.gml;(Reach 258);10;16;26;6;reduce=True;VerifyMethod.allSymbolic;0.006290674209594667;89.20266666666667;True
5Cesnet201006.gml;(Reach 306);16;19;17;9;reduce=True;VerifyMethod.allSymbolic;0.011687437693277935;89.83333333333333;True
5Chinanet.gml;(Reach 247);6;12;18;6;reduce=True;VerifyMethod.allSymbolic;0.005963246027628567;89.48533333333334;True
5Claranet.gml;(Reach 88);6;12;18;6;reduce=True;VerifyMethod.allSymbolic;0.0061422983805338;87.87733333333334;True
5Cogentco.gml;(Reach 1167);96;114;60;18;reduce=True;VerifyMethod.allSymbolic;0.07839616139729814;96.86533333333334;True
5Colt.gml;(Reach 860);72;111;30;24;reduce=True;VerifyMethod.allSymbolic;0.10626443227132155;95.12;True
5Columbus.gml;(Reach 414);78;102;24;12;reduce=True;VerifyMethod.allSymbolic;0.04755036036173497;89.95466666666668;True
5Compuserve.gml;(Reach 81);16;21;8;6;reduce=True;VerifyMethod.allSymbolic;0.006121555964151967;87.97333333333334;True
5CrlNetworkServices.gml;(Reach 195);45;59;13;8;reduce=True;VerifyMethod.allSymbolic;0.01849365234374997;88.80533333333334;True
5Cwix.gml;(Reach 209);34;37;13;7;reduce=True;VerifyMethod.allSymbolic;0.007852951685587533;88.98133333333334;True
5Darkstrand.gml;(Reach 162);60;66;6;6;reduce=True;VerifyMethod.allSymbolic;0.008957624435424734;88.41466666666668;True
5Dataxchange.gml;(Reach 35);0;2;16;2;reduce=True;VerifyMethod.allSymbolic;0.004841566085815367;87.73466666666667;True
5Deltacom.gml;(Reach 673);78;90;54;12;reduce=True;VerifyMethod.allSymbolic;0.0366599559783935;91.15866666666666;True
5Dfn.gml;(Reach 347);25;25;6;11;reduce=True;VerifyMethod.allSymbolic;0.0140562057495117;89.796;True
5Digex.gml;(Reach 182);54;60;6;6;reduce=True;VerifyMethod.allSymbolic;0.008162419001261367;88.78133333333334;True
5Easynet.gml;(Reach 107);9;18;21;12;reduce=True;VerifyMethod.allSymbolic;0.0174334049224853;88.21066666666667;True
5EliBackbone.gml;(Reach 112);15;22;10;17;reduce=True;VerifyMethod.allSymbolic;0.03319923082987464;89.08;True
5Epoch.gml;(Reach 35);11;11;7;6;reduce=True;VerifyMethod.allSymbolic;0.005804618199666299;87.69333333333333;True
5Ernet.gml;(Reach 168);6;6;30;6;reduce=True;VerifyMethod.allSymbolic;0.0060267448425292336;88.49733333333334;True
5Esnet.gml;(Reach 397);40;47;12;8;reduce=True;VerifyMethod.allSymbolic;0.015742142995198532;89.80533333333334;True
5Evolink.gml;(Reach 213);36;36;12;12;reduce=True;VerifyMethod.allSymbolic;0.017715215682983367;89.81066666666668;True
5Fatman.gml;(Reach 91);6;12;24;6;reduce=True;VerifyMethod.allSymbolic;0.006325244903564433;88.09866666666666;True
5Fccn.gml;(Reach 134);0;6;30;6;reduce=True;VerifyMethod.allSymbolic;0.006159464518229099;88.49333333333334;True
5Forthnet.gml;(Reach 363);0;6;42;6;reduce=True;VerifyMethod.allSymbolic;0.006970643997192366;90.02;True
5Funet.gml;(Reach 151);42;48;12;6;reduce=True;VerifyMethod.allSymbolic;0.007758617401122967;88.58;True
5Gambia.gml;(Reach 159);6;18;42;6;reduce=True;VerifyMethod.allSymbolic;0.007168928782145134;88.52933333333333;True
5Garr200212.gml;(Reach 154);6;6;18;6;reduce=True;VerifyMethod.allSymbolic;0.005922158559163366;89.08133333333335;True
5Garr200902.gml;(Reach 321);12;17;25;11;reduce=True;VerifyMethod.allSymbolic;0.016734838485717732;89.81333333333333;True
5Garr200908.gml;(Reach 321);12;17;25;11;reduce=True;VerifyMethod.allSymbolic;0.01686231295267737;89.848;True
5Garr200909.gml;(Reach 327);12;17;25;11;reduce=True;VerifyMethod.allSymbolic;0.01672927538553867;89.86666666666667;True
5Garr200912.gml;(Reach 321);12;17;25;11;reduce=True;VerifyMethod.allSymbolic;0.0168093840281168;89.81333333333333;True
5Garr201001.gml;(Reach 321);12;17;25;11;reduce=True;VerifyMethod.allSymbolic;0.016799767812093035;89.87866666666667;True
5Garr201003.gml;(Reach 321);12;17;25;11;reduce=True;VerifyMethod.allSymbolic;0.016857862472534166;89.80666666666666;True
5Garr201004.gml;(Reach 321);12;17;25;11;reduce=True;VerifyMethod.allSymbolic;0.017391363779703736;91.096;True
5Garr201005.gml;(Reach 327);12;17;25;11;reduce=True;VerifyMethod.allSymbolic;0.016479253768920833;89.93733333333334;True
5Garr201007.gml;(Reach 327);12;17;25;11;reduce=True;VerifyMethod.allSymbolic;0.016066312789916964;89.80933333333333;True
5Garr201008.gml;(Reach 327);12;17;25;11;reduce=True;VerifyMethod.allSymbolic;0.0160913467407226;89.88266666666668;True
5Garr201010.gml;(Reach 333);17;22;25;6;reduce=True;VerifyMethod.allSymbolic;0.0065194765726725;89.92133333333334;True
5Garr201012.gml;(Reach 333);17;22;25;6;reduce=True;VerifyMethod.allSymbolic;0.006469726562499933;89.84933333333333;True
5Garr201101.gml;(Reach 333);17;22;25;6;reduce=True;VerifyMethod.allSymbolic;0.0064899126688638675;89.88;True
5Garr201102.gml;(Reach 339);17;22;25;6;reduce=True;VerifyMethod.allSymbolic;0.006543636322021433;89.996;True
5Garr201103.gml;(Reach 341);12;12;25;11;reduce=True;VerifyMethod.allSymbolic;0.014465411504109666;90.00133333333333;True
5Garr201104.gml;(Reach 347);12;12;25;11;reduce=True;VerifyMethod.allSymbolic;0.014074325561523401;89.996;True
5Garr201105.gml;(Reach 326);9;12;36;9;reduce=True;VerifyMethod.allSymbolic;0.011572360992431599;89.92533333333334;True
5Garr201107.gml;(Reach 326);9;12;36;9;reduce=True;VerifyMethod.allSymbolic;0.011565685272216767;89.916;True
5Garr201108.gml;(Reach 326);9;12;36;9;reduce=True;VerifyMethod.allSymbolic;0.011467854181925433;90.54933333333334;True
5Garr201109.gml;(Reach 326);9;12;36;9;reduce=True;VerifyMethod.allSymbolic;0.011503140131632434;90.036;True
5Garr201110.gml;(Reach 326);9;12;36;9;reduce=True;VerifyMethod.allSymbolic;0.011425256729125933;89.94266666666665;True
5Garr201111.gml;(Reach 332);12;15;33;9;reduce=True;VerifyMethod.allSymbolic;0.011598984400431266;90.00266666666666;True
5Garr201112.gml;(Reach 338);12;15;33;9;reduce=True;VerifyMethod.allSymbolic;0.011610984802246033;89.916;True
5Garr201201.gml;(Reach 338);12;15;33;9;reduce=True;VerifyMethod.allSymbolic;0.011554718017578068;90.56266666666666;True
5Geant2001.gml;(Reach 149);14;16;22;6;reduce=True;VerifyMethod.allSymbolic;0.0062538782755533;88.69333333333333;True
5Geant2009.gml;(Reach 203);35;35;7;6;reduce=True;VerifyMethod.allSymbolic;0.006590604782104433;89.11866666666667;True
5Geant2010.gml;(Reach 221);28;33;9;11;reduce=True;VerifyMethod.allSymbolic;0.016312599182128833;90.57466666666666;True
5Geant2012.gml;(Reach 237);18;24;24;12;reduce=True;VerifyMethod.allSymbolic;0.019752264022827103;89.3;True
5Getnet.gml;(Reach 41);6;11;12;6;reduce=True;VerifyMethod.allSymbolic;0.006001234054565399;87.632;True
5Globalcenter.gml;(Reach 53);0;5;7;5;reduce=True;VerifyMethod.allSymbolic;0.005149443944295233;88.21733333333333;True
5Globenet.gml;(Reach 393);12;42;62;22;reduce=True;VerifyMethod.allSymbolic;0.0907919406890869;89.84666666666665;True
5Goodnet.gml;(Reach 98);8;8;16;6;reduce=True;VerifyMethod.allSymbolic;0.005797068277994734;88.344;True
5Gridnet.gml;(Reach 53);5;5;8;5;reduce=True;VerifyMethod.allSymbolic;0.005215485890706334;87.94666666666667;True
5Grnet.gml;(Reach 212);9;9;39;6;reduce=True;VerifyMethod.allSymbolic;0.006312052408854133;89.01866666666666;True
5GtsCe.gml;(Reach 888);60;126;30;42;reduce=True;VerifyMethod.allSymbolic;0.8272726535797119;93.872;True
5GtsCzechRepublic.gml;(Reach 183);37;55;7;16;reduce=True;VerifyMethod.allSymbolic;0.06661470731099443;88.83866666666667;True
5GtsHungary.gml;(Reach 173);30;30;12;12;reduce=True;VerifyMethod.allSymbolic;0.019012848536173434;88.748;True
5GtsPoland.gml;(Reach 193);42;48;12;12;reduce=True;VerifyMethod.allSymbolic;0.02183477083841953;88.93466666666667;True
5GtsRomania.gml;(Reach 121);6;12;24;6;reduce=True;VerifyMethod.allSymbolic;0.006211360295613567;88.35733333333333;True
5GtsSlovakia.gml;(Reach 206);12;12;24;6;reduce=True;VerifyMethod.allSymbolic;0.0061242580413817665;88.96533333333333;True
5Harnet.gml;(Reach 125);12;12;18;6;reduce=True;VerifyMethod.allSymbolic;0.006011962890624966;89.63999999999999;True
5Heanet.gml;(Reach 41);5;5;8;5;reduce=True;VerifyMethod.allSymbolic;0.0051856835683186326;87.83466666666668;True
5HiberniaCanada.gml;(Reach 74);22;30;12;8;reduce=True;VerifyMethod.allSymbolic;0.018055995305379168;87.75733333333334;True
5HiberniaGlobal.gml;(Reach 305);53;68;25;24;reduce=True;VerifyMethod.allSymbolic;0.06805340449015293;90.11466666666666;True
5HiberniaIreland.gml;(Reach 47);6;12;18;6;reduce=True;VerifyMethod.allSymbolic;0.0060626665751139;87.65866666666666;True
5HiberniaNireland.gml;(Reach 100);30;30;12;6;reduce=True;VerifyMethod.allSymbolic;0.006733179092407167;89.53733333333334;True
5HiberniaUk.gml;(Reach 85);30;36;12;6;reduce=True;VerifyMethod.allSymbolic;0.0071965853373209335;87.99733333333334;True
5HiberniaUs.gml;(Reach 121);24;24;42;6;reduce=True;VerifyMethod.allSymbolic;0.007429281870524033;88.428;True
5Highwinds.gml;(Reach 93);18;18;18;12;reduce=True;VerifyMethod.allSymbolic;0.016300837198893203;88.60266666666666;True
5HostwayInternational.gml;(Reach 94);24;27;21;9;reduce=True;VerifyMethod.allSymbolic;0.013370513916015568;88.068;True
5HurricaneElectric.gml;(Reach 137);18;18;18;6;reduce=True;VerifyMethod.allSymbolic;0.0064985752105712336;88.53466666666667;True
5Ibm.gml;(Reach 103);28;28;8;6;reduce=True;VerifyMethod.allSymbolic;0.006563742955525666;89.476;True
5Iij.gml;(Reach 217);16;16;14;6;reduce=True;VerifyMethod.allSymbolic;0.005939483642578067;89.41733333333333;True
5Iinet.gml;(Reach 178);6;6;24;6;reduce=True;VerifyMethod.allSymbolic;0.005847771962483666;88.67066666666666;True
5Ilan.gml;(Reach 82);6;6;18;6;reduce=True;VerifyMethod.allSymbolic;0.005844275156656833;87.88266666666668;True
5Integra.gml;(Reach 147);23;23;19;6;reduce=True;VerifyMethod.allSymbolic;0.006545146306355733;88.62399999999998;True
5Intellifiber.gml;(Reach 434);53;65;25;18;reduce=True;VerifyMethod.allSymbolic;0.047100941340128495;90.46933333333334;True
5Internetmci.gml;(Reach 113);8;13;13;9;reduce=True;VerifyMethod.allSymbolic;0.011203527450561468;88.592;True
5Internode.gml;(Reach 395);15;15;21;6;reduce=True;VerifyMethod.allSymbolic;0.0058594544728596334;89.88;True
5Interoute.gml;(Reach 658);60;95;19;29;reduce=True;VerifyMethod.allSymbolic;0.2794139385223388;91.74533333333333;True
5Intranetwork.gml;(Reach 225);42;54;30;30;reduce=True;VerifyMethod.allSymbolic;0.1154838403065999;89.36533333333334;True
5Ion.gml;(Reach 727);126;132;18;12;reduce=True;VerifyMethod.allSymbolic;0.0301285584767659;91.12666666666667;True
5IowaStatewideFiberMap.gml;(Reach 191);24;30;30;6;reduce=True;VerifyMethod.allSymbolic;0.007294893264770434;88.72933333333333;True
5Iris.gml;(Reach 299);54;60;6;12;reduce=True;VerifyMethod.allSymbolic;0.022822697957356735;89.77733333333333;True
5Janetbackbone.gml;(Reach 170);18;28;7;11;reduce=True;VerifyMethod.allSymbolic;0.014893134435017866;88.892;True
5Janetlense.gml;(Reach 109);6;6;18;6;reduce=True;VerifyMethod.allSymbolic;0.0058650970458984;88.42399999999999;True
5Karen.gml;(Reach 143);23;23;14;11;reduce=True;VerifyMethod.allSymbolic;0.016803344090779566;88.452;True
5Kdl.gml;(Reach 4516);303;325;38;13;reduce=True;VerifyMethod.allSymbolic;0.17827200889587394;122.76666666666667;True
5KentmanFeb2008.gml;(Reach 143);6;6;30;6;reduce=True;VerifyMethod.allSymbolic;0.0060800711313883;88.60533333333335;True
5KentmanJan2011.gml;(Reach 227);0;3;39;3;reduce=True;VerifyMethod.allSymbolic;0.005325476328531867;89.08533333333332;True
5KentmanJul2005.gml;(Reach 93);12;18;24;6;reduce=True;VerifyMethod.allSymbolic;0.0064716339111327665;89.36933333333333;True
5LambdaNet.gml;(Reach 235);66;90;12;6;reduce=True;VerifyMethod.allSymbolic;0.010827541351318299;89.24;True
5Latnet.gml;(Reach 413);0;2;76;2;reduce=True;VerifyMethod.allSymbolic;0.0060410499572753325;90.456;True
5Layer42.gml;(Reach 34);6;6;12;6;reduce=True;VerifyMethod.allSymbolic;0.005659818649291933;87.55733333333335;True
5Litnet.gml;(Reach 257);6;12;18;6;reduce=True;VerifyMethod.allSymbolic;0.005974133809407534;89.90266666666668;True
5Marnet.gml;(Reach 119);5;5;14;5;reduce=True;VerifyMethod.allSymbolic;0.0052559375762939;88.31333333333333;True
5Marwan.gml;(Reach 92);15;15;21;6;reduce=True;VerifyMethod.allSymbolic;0.006225903828938766;87.97066666666667;True
5Missouri.gml;(Reach 387);58;68;26;6;reduce=True;VerifyMethod.allSymbolic;0.009513775507609;90.044;True
5Myren.gml;(Reach 221);0;3;27;3;reduce=True;VerifyMethod.allSymbolic;0.0050839583079019994;88.984;True
5Napnet.gml;(Reach 35);0;2;16;2;reduce=True;VerifyMethod.allSymbolic;0.0047975381215413;87.69600000000001;True
5Navigata.gml;(Reach 74);9;9;15;6;reduce=True;VerifyMethod.allSymbolic;0.005818605422973567;87.93066666666665;True
5Netrail.gml;(Reach 41);5;5;8;5;reduce=True;VerifyMethod.allSymbolic;0.005144198735554967;87.61466666666666;True
5NetworkUsa.gml;(Reach 208);48;59;7;11;reduce=True;VerifyMethod.allSymbolic;0.018725713094075464;88.88666666666667;True
5Nextgen.gml;(Reach 100);36;36;18;12;reduce=True;VerifyMethod.allSymbolic;0.0194411277770996;88.716;True
5Niif.gml;(Reach 200);20;25;16;12;reduce=True;VerifyMethod.allSymbolic;0.017110427220662364;88.91333333333334;True
5Noel.gml;(Reach 112);17;23;19;6;reduce=True;VerifyMethod.allSymbolic;0.0066600640614826664;88.27733333333333;True
5Nsfnet.gml;(Reach 73);12;12;18;6;reduce=True;VerifyMethod.allSymbolic;0.0058967272440592;89.224;True
5Oxford.gml;(Reach 113);30;42;6;12;reduce=True;VerifyMethod.allSymbolic;0.023814360300699833;88.91333333333334;True
5Pacificwave.gml;(Reach 107);0;6;18;6;reduce=True;VerifyMethod.allSymbolic;0.0057948430379231005;88.18;True
5Packetexchange.gml;(Reach 122);24;30;24;12;reduce=True;VerifyMethod.allSymbolic;0.020780007044474233;88.408;True
5Palmetto.gml;(Reach 263);45;54;21;12;reduce=True;VerifyMethod.allSymbolic;0.024278243382771764;89.65333333333332;True
5Peer1.gml;(Reach 91);15;18;21;6;reduce=True;VerifyMethod.allSymbolic;0.006276448567708266;89.42399999999999;True
5Pern.gml;(Reach 760);18;24;30;6;reduce=True;VerifyMethod.allSymbolic;0.006414333979288666;91.26266666666668;True
5PionierL1.gml;(Reach 205);48;66;18;6;reduce=True;VerifyMethod.allSymbolic;0.0093739827473958;89.00133333333333;True
5PionierL3.gml;(Reach 227);36;51;21;9;reduce=True;VerifyMethod.allSymbolic;0.01747727394104;89.11733333333332;True
5Psinet.gml;(Reach 137);36;36;30;6;reduce=True;VerifyMethod.allSymbolic;0.007510264714558901;88.37466666666667;True
5Quest.gml;(Reach 119);22;23;8;6;reduce=True;VerifyMethod.allSymbolic;0.0061270395914713;89.11066666666666;True
5RedBestel.gml;(Reach 503);66;150;96;12;reduce=True;VerifyMethod.allSymbolic;0.12091112136840816;90.15333333333335;True
5Rediris.gml;(Reach 108);11;11;8;11;reduce=True;VerifyMethod.allSymbolic;0.0138287544250488;88.36533333333334;True
5Renater2001.gml;(Reach 142);4;17;32;6;reduce=True;VerifyMethod.allSymbolic;0.006712992986043233;88.49066666666666;True
5Renater2004.gml;(Reach 179);18;18;18;12;reduce=True;VerifyMethod.allSymbolic;0.0157946745554606;88.79199999999999;True
5Renater2006.gml;(Reach 197);24;24;18;6;reduce=True;VerifyMethod.allSymbolic;0.0067052046457926;89.072;True
5Renater2008.gml;(Reach 197);24;24;18;6;reduce=True;VerifyMethod.allSymbolic;0.006517807642618767;88.97866666666665;True
5Renater2010.gml;(Reach 251);48;54;6;6;reduce=True;VerifyMethod.allSymbolic;0.007722059885660767;89.51333333333332;True
5Restena.gml;(Reach 108);12;17;13;11;reduce=True;VerifyMethod.allSymbolic;0.015913883845011332;88.23333333333333;True
5Rhnet.gml;(Reach 87);12;26;34;8;reduce=True;VerifyMethod.allSymbolic;0.017180363337198832;88.01333333333334;True
5Rnp.gml;(Reach 174);18;30;42;12;reduce=True;VerifyMethod.allSymbolic;0.0216133594512939;88.69333333333333;True
5Roedunet.gml;(Reach 251);6;6;18;6;reduce=True;VerifyMethod.allSymbolic;0.005953470865885367;90.02933333333334;True
5RoedunetFibre.gml;(Reach 281);36;36;42;6;reduce=True;VerifyMethod.allSymbolic;0.007677396138509066;89.51733333333334;True
5Sanet.gml;(Reach 249);51;55;26;7;reduce=True;VerifyMethod.allSymbolic;0.009880542755126932;89.29066666666667;True
5Sanren.gml;(Reach 41);12;18;6;6;reduce=True;VerifyMethod.allSymbolic;0.006072123845418234;89.09866666666666;True
5Savvis.gml;(Reach 110);39;45;9;6;reduce=True;VerifyMethod.allSymbolic;0.007457017898559501;88.29333333333334;True
5Shentel.gml;(Reach 167);30;42;42;12;reduce=True;VerifyMethod.allSymbolic;0.032775878906249965;88.57733333333333;True
5Sinet.gml;(Reach 443);19;25;23;6;reduce=True;VerifyMethod.allSymbolic;0.0064602692921956;90.05066666666666;True
5Spiralight.gml;(Reach 85);36;36;6;12;reduce=True;VerifyMethod.allSymbolic;0.017669757207234665;87.908;True
5Sprint.gml;(Reach 57);8;8;16;6;reduce=True;VerifyMethod.allSymbolic;0.0058051745096842;87.87066666666665;True
5Sunet.gml;(Reach 148);48;54;18;12;reduce=True;VerifyMethod.allSymbolic;0.0239202181498209;88.68799999999999;True
5Surfnet.gml;(Reach 291);41;52;14;17;reduce=True;VerifyMethod.allSymbolic;0.0314912796020507;89.93733333333334;True
5Switch.gml;(Reach 432);60;60;18;6;reduce=True;VerifyMethod.allSymbolic;0.008318583170572866;89.84133333333334;True
5SwitchL3.gml;(Reach 250);16;21;15;11;reduce=True;VerifyMethod.allSymbolic;0.014453808466593367;90.00666666666666;True
5Syringa.gml;(Reach 394);96;102;90;6;reduce=True;VerifyMethod.allSymbolic;0.017307043075561468;90.296;True
5TataNld.gml;(Reach 864);150;168;6;18;reduce=True;VerifyMethod.allSymbolic;0.08335479100545247;93.31333333333333;True
5Telecomserbia.gml;(Reach 35);12;12;6;6;reduce=True;VerifyMethod.allSymbolic;0.005812247594197534;87.68933333333332;True
5Tinet.gml;(Reach 317);36;36;18;6;reduce=True;VerifyMethod.allSymbolic;0.006802558898925701;89.85333333333334;True
5Twaren.gml;(Reach 118);6;6;18;6;reduce=True;VerifyMethod.allSymbolic;0.005831638971964467;88.17333333333333;True
5Ulaknet.gml;(Reach 491);0;4;26;4;reduce=True;VerifyMethod.allSymbolic;0.004978895187377899;90.84266666666667;True
5UniC.gml;(Reach 142);24;36;30;18;reduce=True;VerifyMethod.allSymbolic;0.037491718928019134;88.38933333333334;True
5Uninet.gml;(Reach 73);16;16;9;11;reduce=True;VerifyMethod.allSymbolic;0.013931433359781835;89.32;True
5Uninett2010.gml;(Reach 434);37;42;17;6;reduce=True;VerifyMethod.allSymbolic;0.007051388422648067;90.09866666666666;True
5Uninett2011.gml;(Reach 412);48;53;6;6;reduce=True;VerifyMethod.allSymbolic;0.007544358571370366;89.872;True
5UsCarrier.gml;(Reach 937);90;126;102;24;reduce=True;VerifyMethod.allSymbolic;0.20383572578430167;93.71333333333332;True
5Uunet.gml;(Reach 285);28;28;18;8;reduce=True;VerifyMethod.allSymbolic;0.015599091847737565;89.892;True
5Vinaren.gml;(Reach 148);0;8;34;8;reduce=True;VerifyMethod.allSymbolic;0.014363765716552667;88.37466666666667;True
5VtlWavenet2008.gml;(Reach 522);180;180;6;6;reduce=True;VerifyMethod.allSymbolic;0.0183785756429036;91.10533333333335;True
5VtlWavenet2011.gml;(Reach 546);180;180;6;6;reduce=True;VerifyMethod.allSymbolic;0.017894109090169235;91.752;True
5WideJpn.gml;(Reach 165);12;18;30;6;reduce=True;VerifyMethod.allSymbolic;0.006680091222127233;90.008;True
5Xeex.gml;(Reach 134);29;29;7;6;reduce=True;VerifyMethod.allSymbolic;0.006552139918009366;88.57333333333334;True
5Xspedius.gml;(Reach 196);30;30;12;6;reduce=True;VerifyMethod.allSymbolic;0.0065803527832031;89.19333333333333;True
5York.gml;(Reach 135);48;54;12;6;reduce=True;VerifyMethod.allSymbolic;0.008072694142659468;88.30666666666667;True
5Aarnet.gml;(Reach 113);24;24;30;6;PERS;base;0.001168;70.544;True
5Abilene.gml;(Reach 59);24;24;6;6;PERS;base;0.0011416666666666667;70.20266666666667;True
5Abvt.gml;(Reach 134);34;34;8;6;PERS;base;0.001155;71.75733333333334;True
5Aconet.gml;(Reach 136);18;18;6;6;PERS;base;0.0009553333333333333;71.22933333333333;True
5Agis.gml;(Reach 143);18;18;24;6;PERS;base;0.001119;71.14399999999999;True
5Airtel.gml;(Reach 95);6;6;18;6;PERS;base;0.001067;70.93333333333334;True
5Ans.gml;(Reach 106);18;24;18;6;PERS;base;0.0010393333333333333;70.80933333333333;True
5Arnes.gml;(Reach 197);18;30;13;17;PERS;base;0.004017666666666667;72.29866666666668;True
5Arpanet196912.gml;(Reach 23);0;2;16;2;PERS;base;0.00027733333333333337;71.608;True
5Arpanet19706.gml;(Reach 52);5;16;16;9;PERS;base;0.0016876666666666665;70.332;True
5Arpanet19719.gml;(Reach 103);34;39;8;6;PERS;base;0.001061;70.93066666666667;True
5Arpanet19723.gml;(Reach 145);54;59;6;6;PERS;base;0.0010226666666666667;71.18933333333332;True
5Arpanet19728.gml;(Reach 171);48;48;6;6;PERS;base;0.0010663333333333334;71.76933333333334;True
5AsnetAm.gml;(Reach 383);15;21;27;12;PERS;base;0.0020876666666666665;72.41866666666665;True
5Atmnet.gml;(Reach 120);48;54;6;6;PERS;base;0.0011996666666666668;71.09466666666667;True
5AttMpls.gml;(Reach 149);17;23;8;11;PERS;base;0.0025083333333333333;72.92533333333334;True
5Bbnplanet.gml;(Reach 148);24;24;18;6;PERS;base;0.0012943333333333333;71.652;True
5Bellcanada.gml;(Reach 250);42;48;30;12;PERS;base;0.002147;72.46266666666666;True
5Bellsouth.gml;(Reach 291);6;12;36;6;PERS;base;0.001229;72.39999999999999;True
5Belnet2003.gml;(Reach 137);6;6;12;6;PERS;base;0.001211;71.98533333333334;True
5Belnet2004.gml;(Reach 137);6;6;12;6;PERS;base;0.0011876666666666667;71.992;True
5Belnet2005.gml;(Reach 137);7;7;11;6;PERS;base;0.0012256666666666666;72.668;True
5Belnet2006.gml;(Reach 137);7;7;11;6;PERS;base;0.0012206666666666666;71.31333333333333;True
5Belnet2007.gml;(Reach 120);26;42;6;16;PERS;base;0.004077333333333333;71.18266666666666;True
5Belnet2008.gml;(Reach 120);26;42;6;16;PERS;base;0.004074;71.03333333333335;True
5Belnet2009.gml;(Reach 114);36;42;6;6;PERS;base;0.0011696666666666667;71.18133333333334;True
5Belnet2010.gml;(Reach 126);26;42;6;16;PERS;base;0.004072333333333333;72.384;True
5BeyondTheNetwork.gml;(Reach 291);14;21;28;6;PERS;base;0.0012583333333333333;72.29466666666667;True
5Bics.gml;(Reach 193);27;30;21;6;PERS;base;0.001243;73.01066666666667;True
5Biznet.gml;(Reach 164);66;72;24;12;PERS;base;0.002872666666666667;71.35866666666666;True
5Bren.gml;(Reach 221);24;36;18;12;PERS;base;0.002789;71.82666666666667;True
5BsonetEurope.gml;(Reach 106);10;10;26;6;PERS;base;0.001242;71.37599999999999;True
5BtAsiaPac.gml;(Reach 119);6;6;18;6;PERS;base;0.0012613333333333333;71.64;True
5BtEurope.gml;(Reach 140);6;6;18;6;PERS;base;0.0012673333333333332;71.20133333333332;True
5BtNorthAmerica.gml;(Reach 214);22;27;11;9;PERS;base;0.0019206666666666667;72.204;True
5Canerie.gml;(Reach 190);17;34;21;16;PERS;base;0.003613;71.992;True
5Cernet.gml;(Reach 243);6;17;13;17;PERS;base;0.003453;72.08266666666667;True
5Cesnet2001.gml;(Reach 132);5;5;20;5;PERS;base;0.0010153333333333334;71.40533333333333;True
5Cesnet200304.gml;(Reach 168);9;12;24;9;PERS;base;0.001747;71.82;True
5Cesnet200511.gml;(Reach 214);12;12;30;6;PERS;base;0.0012383333333333333;72.88533333333334;True
5Cesnet200603.gml;(Reach 214);12;12;30;6;PERS;base;0.0012803333333333332;71.61733333333333;True
5Cesnet200706.gml;(Reach 258);10;16;26;6;PERS;base;0.0012443333333333334;71.88533333333334;True
5Cesnet201006.gml;(Reach 306);16;19;17;9;PERS;base;0.0018850000000000002;73.108;True
5Chinanet.gml;(Reach 247);6;12;18;6;PERS;base;0.0012006666666666667;72.144;True
5Claranet.gml;(Reach 88);6;12;18;6;PERS;base;0.0012879999999999999;70.71866666666666;True
5Cogentco.gml;(Reach 1167);96;114;60;18;PERS;base;0.005654333333333333;78.80266666666667;True
5Colt.gml;(Reach 860);72;111;30;24;PERS;base;0.007177333333333333;76.88133333333333;True
5Columbus.gml;(Reach 414);78;102;24;12;PERS;base;0.002539333333333333;72.46666666666667;True
5Compuserve.gml;(Reach 81);16;21;8;6;PERS;base;0.0012363333333333334;70.58933333333333;True
5CrlNetworkServices.gml;(Reach 195);45;59;13;8;PERS;base;0.0017823333333333335;71.41333333333334;True
5Cwix.gml;(Reach 209);34;37;13;7;PERS;base;0.0013713333333333331;71.52;True
5Darkstrand.gml;(Reach 162);60;66;6;6;PERS;base;0.0012196666666666666;71.256;True
5Dataxchange.gml;(Reach 35);0;2;16;2;PERS;base;0.00026766666666666665;70.32933333333334;True
5Deltacom.gml;(Reach 673);78;90;54;12;PERS;base;0.0025843333333333334;74.92666666666666;True
5Dfn.gml;(Reach 347);25;25;6;11;PERS;base;0.002284333333333333;72.29333333333334;True
5Digex.gml;(Reach 182);54;60;6;6;PERS;base;0.00123;71.504;True
5Easynet.gml;(Reach 107);9;18;21;12;PERS;base;0.002884333333333334;70.79066666666667;True
5EliBackbone.gml;(Reach 112);15;22;10;17;PERS;base;0.004396;71.65466666666667;True
5Epoch.gml;(Reach 35);11;11;7;6;PERS;base;0.0012173333333333333;71.09066666666666;True
5Ernet.gml;(Reach 168);6;6;30;6;PERS;base;0.001261;71.25333333333333;True
5Esnet.gml;(Reach 397);40;47;12;8;PERS;base;0.0016316666666666667;72.83466666666668;True
5Evolink.gml;(Reach 213);36;36;12;12;PERS;base;0.002632666666666667;71.76266666666668;True
5Fatman.gml;(Reach 91);6;12;24;6;PERS;base;0.0012946666666666666;70.67333333333333;True
5Fccn.gml;(Reach 134);0;6;30;6;PERS;base;0.000829;70.96933333333332;True
5Forthnet.gml;(Reach 363);0;6;42;6;PERS;base;0.000824;72.67333333333333;True
5Funet.gml;(Reach 151);42;48;12;6;PERS;base;0.001293;71.12266666666666;True
5Gambia.gml;(Reach 159);6;18;42;6;PERS;base;0.0013;71.83333333333333;True
5Garr200212.gml;(Reach 154);6;6;18;6;PERS;base;0.0012619999999999999;71.07733333333333;True
5Garr200902.gml;(Reach 321);12;17;25;11;PERS;base;0.0024653333333333333;72.46533333333333;True
5Garr200908.gml;(Reach 321);12;17;25;11;PERS;base;0.0024363333333333333;72.30666666666667;True
5Garr200909.gml;(Reach 327);12;17;25;11;PERS;base;0.0024933333333333335;72.30666666666667;True
5Garr200912.gml;(Reach 321);12;17;25;11;PERS;base;0.002464;72.37333333333333;True
5Garr201001.gml;(Reach 321);12;17;25;11;PERS;base;0.002407666666666667;72.40933333333334;True
5Garr201003.gml;(Reach 321);12;17;25;11;PERS;base;0.0025013333333333333;72.42399999999999;True
5Garr201004.gml;(Reach 321);12;17;25;11;PERS;base;0.002622333333333333;72.872;True
5Garr201005.gml;(Reach 327);12;17;25;11;PERS;base;0.002461;72.46266666666666;True
5Garr201007.gml;(Reach 327);12;17;25;11;PERS;base;0.0024133333333333333;72.43066666666668;True
5Garr201008.gml;(Reach 327);12;17;25;11;PERS;base;0.0026076666666666666;73.00266666666666;True
5Garr201010.gml;(Reach 333);17;22;25;6;PERS;base;0.001222;72.42266666666666;True
5Garr201012.gml;(Reach 333);17;22;25;6;PERS;base;0.001221;72.444;True
5Garr201101.gml;(Reach 333);17;22;25;6;PERS;base;0.001257;73.112;True
5Garr201102.gml;(Reach 339);17;22;25;6;PERS;base;0.0012640000000000001;73.72133333333333;True
5Garr201103.gml;(Reach 341);12;12;25;11;PERS;base;0.0023936666666666668;73.216;True
5Garr201104.gml;(Reach 347);12;12;25;11;PERS;base;0.0023643333333333333;72.492;True
5Garr201105.gml;(Reach 326);9;12;36;9;PERS;base;0.0017083333333333334;72.52933333333333;True
5Garr201107.gml;(Reach 326);9;12;36;9;PERS;base;0.001786;72.62133333333334;True
5Garr201108.gml;(Reach 326);9;12;36;9;PERS;base;0.0017086666666666667;72.54933333333334;True
5Garr201109.gml;(Reach 326);9;12;36;9;PERS;base;0.0016673333333333332;72.496;True
5Garr201110.gml;(Reach 326);9;12;36;9;PERS;base;0.0017413333333333332;72.53866666666666;True
5Garr201111.gml;(Reach 332);12;15;33;9;PERS;base;0.0016866666666666668;72.56533333333333;True
5Garr201112.gml;(Reach 338);12;15;33;9;PERS;base;0.0017026666666666666;72.43066666666668;True
5Garr201201.gml;(Reach 338);12;15;33;9;PERS;base;0.0016893333333333333;72.48933333333333;True
5Geant2001.gml;(Reach 149);14;16;22;6;PERS;base;0.0012873333333333333;71.96933333333334;True
5Geant2009.gml;(Reach 203);35;35;7;6;PERS;base;0.0012216666666666667;71.71733333333333;True
5Geant2010.gml;(Reach 221);28;33;9;11;PERS;base;0.0020353333333333334;72.01333333333334;True
5Geant2012.gml;(Reach 237);18;24;24;12;PERS;base;0.0024189999999999997;71.77866666666667;True
5Getnet.gml;(Reach 41);6;11;12;6;PERS;base;0.001248;70.83333333333333;True
5Globalcenter.gml;(Reach 53);0;5;7;5;PERS;base;0.0006396666666666666;70.932;True
5Globenet.gml;(Reach 393);12;42;62;22;PERS;base;0.006115333333333334;72.408;True
5Goodnet.gml;(Reach 98);8;8;16;6;PERS;base;0.001263;71.69733333333333;True
5Gridnet.gml;(Reach 53);5;5;8;5;PERS;base;0.0010626666666666666;70.48533333333334;True
5Grnet.gml;(Reach 212);9;9;39;6;PERS;base;0.001307;71.71066666666667;True
5GtsCe.gml;(Reach 888);60;126;30;42;PERS;base;0.020327;76.31733333333334;True
5GtsCzechRepublic.gml;(Reach 183);37;55;7;16;PERS;base;0.004025333333333333;71.48533333333334;True
5GtsHungary.gml;(Reach 173);30;30;12;12;PERS;base;0.0026980000000000003;71.48;True
5GtsPoland.gml;(Reach 193);42;48;12;12;PERS;base;0.0030139999999999998;71.528;True
5GtsRomania.gml;(Reach 121);6;12;24;6;PERS;base;0.0013113333333333334;70.93866666666666;True
5GtsSlovakia.gml;(Reach 206);12;12;24;6;PERS;base;0.0012943333333333333;71.60933333333334;True
5Harnet.gml;(Reach 125);12;12;18;6;PERS;base;0.001204;70.88799999999999;True
5Heanet.gml;(Reach 41);5;5;8;5;PERS;base;0.0009386666666666666;70.29199999999999;True
5HiberniaCanada.gml;(Reach 74);22;30;12;8;PERS;base;0.0016086666666666669;71.68266666666666;True
5HiberniaGlobal.gml;(Reach 305);53;68;25;24;PERS;base;0.009435;73.31466666666667;True
5HiberniaIreland.gml;(Reach 47);6;12;18;6;PERS;base;0.0012706666666666667;71.56133333333334;True
5HiberniaNireland.gml;(Reach 100);30;30;12;6;PERS;base;0.0012606666666666667;70.74933333333333;True
5HiberniaUk.gml;(Reach 85);30;36;12;6;PERS;base;0.0013006666666666668;71.34666666666666;True
5HiberniaUs.gml;(Reach 121);24;24;42;6;PERS;base;0.0013186666666666668;71.86133333333333;True
5Highwinds.gml;(Reach 93);18;18;18;12;PERS;base;0.0029033333333333337;72.508;True
5HostwayInternational.gml;(Reach 94);24;27;21;9;PERS;base;0.002058;70.67866666666667;True
5HurricaneElectric.gml;(Reach 137);18;18;18;6;PERS;base;0.0013416666666666666;71.76666666666667;True
5Ibm.gml;(Reach 103);28;28;8;6;PERS;base;0.001242;70.79199999999999;True
5Iij.gml;(Reach 217);16;16;14;6;PERS;base;0.0012693333333333333;71.99733333333333;True
5Iinet.gml;(Reach 178);6;6;24;6;PERS;base;0.0013059999999999999;71.98266666666667;True
5Ilan.gml;(Reach 82);6;6;18;6;PERS;base;0.001225;71.896;True
5Integra.gml;(Reach 147);23;23;19;6;PERS;base;0.0012763333333333333;72.00133333333333;True
5Intellifiber.gml;(Reach 434);53;65;25;18;PERS;base;0.005742;72.38;True
5Internetmci.gml;(Reach 113);8;13;13;9;PERS;base;0.0016846666666666666;71.27199999999999;True
5Internode.gml;(Reach 395);15;15;21;6;PERS;base;0.0012166666666666665;73.82000000000001;True
5Interoute.gml;(Reach 658);60;95;19;29;PERS;base;0.011621;74.33066666666667;True
5Intranetwork.gml;(Reach 225);42;54;30;30;PERS;base;0.011425333333333334;72.16533333333332;True
5Ion.gml;(Reach 727);126;132;18;12;PERS;base;0.003120333333333333;75.16133333333333;True
5IowaStatewideFiberMap.gml;(Reach 191);24;30;30;6;PERS;base;0.0013096666666666667;72.68133333333333;True
5Iris.gml;(Reach 299);54;60;6;12;PERS;base;0.002599666666666667;73.86266666666667;True
5Janetbackbone.gml;(Reach 170);18;28;7;11;PERS;base;0.0023870000000000002;72.18933333333332;True
5Janetlense.gml;(Reach 109);6;6;18;6;PERS;base;0.001261;71.09333333333333;True
5Karen.gml;(Reach 143);23;23;14;11;PERS;base;0.002564666666666667;71.73733333333332;True
5Kdl.gml;(Reach 4516);303;325;38;13;PERS;base;0.0030489999999999996;105.74399999999999;True
5KentmanFeb2008.gml;(Reach 143);6;6;30;6;PERS;base;0.0012883333333333334;71.27066666666667;True
5KentmanJan2011.gml;(Reach 227);0;3;39;3;PERS;base;0.00043066666666666665;71.504;True
5KentmanJul2005.gml;(Reach 93);12;18;24;6;PERS;base;0.0012786666666666667;71.84933333333333;True
5LambdaNet.gml;(Reach 235);66;90;12;6;PERS;base;0.0013410000000000002;71.86933333333333;True
5Latnet.gml;(Reach 413);0;2;76;2;PERS;base;0.0003663333333333333;73.20133333333332;True
5Layer42.gml;(Reach 34);6;6;12;6;PERS;base;0.0011926666666666667;71.66666666666667;True
5Litnet.gml;(Reach 257);6;12;18;6;PERS;base;0.0012216666666666667;71.73733333333332;True
5Marnet.gml;(Reach 119);5;5;14;5;PERS;base;0.0009603333333333333;70.848;True
5Marwan.gml;(Reach 92);15;15;21;6;PERS;base;0.001216;70.53733333333334;True
5Missouri.gml;(Reach 387);58;68;26;6;PERS;base;0.0013963333333333334;72.74666666666667;True
5Myren.gml;(Reach 221);0;3;27;3;PERS;base;0.000434;72.17066666666666;True
5Napnet.gml;(Reach 35);0;2;16;2;PERS;base;0.0003353333333333333;70.20533333333333;True
5Navigata.gml;(Reach 74);9;9;15;6;PERS;base;0.0013323333333333336;70.53466666666667;True
5Netrail.gml;(Reach 41);5;5;8;5;PERS;base;0.0010613333333333334;70.012;True
5NetworkUsa.gml;(Reach 208);48;59;7;11;PERS;base;0.002491;71.65066666666667;True
5Nextgen.gml;(Reach 100);36;36;18;12;PERS;base;0.003363;71.30399999999999;True
5Niif.gml;(Reach 200);20;25;16;12;PERS;base;0.0021753333333333334;72.07733333333333;True
5Noel.gml;(Reach 112);17;23;19;6;PERS;base;0.001253;70.84133333333334;True
5Nsfnet.gml;(Reach 73);12;12;18;6;PERS;base;0.001189;70.93733333333333;True
5Oxford.gml;(Reach 113);30;42;6;12;PERS;base;0.0026343333333333336;70.75866666666667;True
5Pacificwave.gml;(Reach 107);0;6;18;6;PERS;base;0.0007893333333333333;70.79066666666667;True
5Packetexchange.gml;(Reach 122);24;30;24;12;PERS;base;0.0034183333333333336;72.24933333333333;True
5Palmetto.gml;(Reach 263);45;54;21;12;PERS;base;0.0033246666666666667;72.76933333333334;True
5Peer1.gml;(Reach 91);15;18;21;6;PERS;base;0.0012633333333333333;70.60133333333333;True
5Pern.gml;(Reach 760);18;24;30;6;PERS;base;0.0012013333333333333;74.49733333333333;True
5PionierL1.gml;(Reach 205);48;66;18;6;PERS;base;0.0014080000000000002;72.37599999999999;True
5PionierL3.gml;(Reach 227);36;51;21;9;PERS;base;0.002356;72.54533333333335;True
5Psinet.gml;(Reach 137);36;36;30;6;PERS;base;0.001225;71.07466666666666;True
5Quest.gml;(Reach 119);22;23;8;6;PERS;base;0.0013313333333333335;71.56;True
5RedBestel.gml;(Reach 503);66;150;96;12;PERS;base;0.003005666666666667;72.74266666666666;True
5Rediris.gml;(Reach 108);11;11;8;11;PERS;base;0.002486;71.56266666666666;True
5Renater2001.gml;(Reach 142);4;17;32;6;PERS;base;0.0011636666666666668;71.01866666666666;True
5Renater2004.gml;(Reach 179);18;18;18;12;PERS;base;0.003430666666666667;71.47466666666666;True
5Renater2006.gml;(Reach 197);24;24;18;6;PERS;base;0.0013373333333333334;71.688;True
5Renater2008.gml;(Reach 197);24;24;18;6;PERS;base;0.0012463333333333335;71.69600000000001;True
5Renater2010.gml;(Reach 251);48;54;6;6;PERS;base;0.0011913333333333333;72.09333333333333;True
5Restena.gml;(Reach 108);12;17;13;11;PERS;base;0.002694666666666667;70.844;True
5Rhnet.gml;(Reach 87);12;26;34;8;PERS;base;0.0019133333333333335;70.50133333333333;True
5Rnp.gml;(Reach 174);18;30;42;12;PERS;base;0.0027446666666666665;71.39733333333334;True
5Roedunet.gml;(Reach 251);6;6;18;6;PERS;base;0.0012519999999999999;71.76133333333333;True
5RoedunetFibre.gml;(Reach 281);36;36;42;6;PERS;base;0.001273;72.18133333333333;True
5Sanet.gml;(Reach 249);51;55;26;7;PERS;base;0.0014429999999999998;72.12666666666667;True
5Sanren.gml;(Reach 41);12;18;6;6;PERS;base;0.0011530000000000002;70.27733333333333;True
5Savvis.gml;(Reach 110);39;45;9;6;PERS;base;0.0011716666666666666;71.41866666666665;True
5Shentel.gml;(Reach 167);30;42;42;12;PERS;base;0.002758;71.28666666666668;True
5Sinet.gml;(Reach 443);19;25;23;6;PERS;base;0.0012533333333333335;72.73466666666667;True
5Spiralight.gml;(Reach 85);36;36;6;12;PERS;base;0.0026079999999999996;70.672;True
5Sprint.gml;(Reach 57);8;8;16;6;PERS;base;0.0013633333333333334;71.23466666666667;True
5Sunet.gml;(Reach 148);48;54;18;12;PERS;base;0.0033593333333333335;72.08533333333334;True
5Surfnet.gml;(Reach 291);41;52;14;17;PERS;base;0.0049823333333333325;72.46;True
5Switch.gml;(Reach 432);60;60;18;6;PERS;base;0.0012963333333333334;72.508;True
5SwitchL3.gml;(Reach 250);16;21;15;11;PERS;base;0.0023536666666666667;72.036;True
5Syringa.gml;(Reach 394);96;102;90;6;PERS;base;0.001432;72.82133333333333;True
5TataNld.gml;(Reach 864);150;168;6;18;PERS;base;0.004242333333333333;75.69066666666667;True
5Telecomserbia.gml;(Reach 35);12;12;6;6;PERS;base;0.001184;70.13466666666666;True
5Tinet.gml;(Reach 317);36;36;18;6;PERS;base;0.0011886666666666666;72.33066666666667;True
5Twaren.gml;(Reach 118);6;6;18;6;PERS;base;0.0012733333333333333;70.80933333333333;True
5Ulaknet.gml;(Reach 491);0;4;26;4;PERS;base;0.0005093333333333333;72.79466666666667;True
5UniC.gml;(Reach 142);24;36;30;18;PERS;base;0.0051006666666666665;71.70933333333333;True
5Uninet.gml;(Reach 73);16;16;9;11;PERS;base;0.0024163333333333333;70.61733333333332;True
5Uninett2010.gml;(Reach 434);37;42;17;6;PERS;base;0.0012136666666666667;72.708;True
5Uninett2011.gml;(Reach 412);48;53;6;6;PERS;base;0.0012519999999999999;72.47733333333333;True
5UsCarrier.gml;(Reach 937);90;126;102;24;PERS;base;0.006785333333333333;76.464;True
5Uunet.gml;(Reach 285);28;28;18;8;PERS;base;0.0017046666666666666;72.91733333333333;True
5Vinaren.gml;(Reach 148);0;8;34;8;PERS;base;0.0012426666666666667;71.14533333333333;True
5VtlWavenet2008.gml;(Reach 522);180;180;6;6;PERS;base;0.0012803333333333332;72.90933333333334;True
5VtlWavenet2011.gml;(Reach 546);180;180;6;6;PERS;base;0.0012586666666666666;73.48933333333333;True
5WideJpn.gml;(Reach 165);12;18;30;6;PERS;base;0.00124;71.48933333333333;True
5Xeex.gml;(Reach 134);29;29;7;6;PERS;base;0.001294;71.10666666666667;True
5Xspedius.gml;(Reach 196);30;30;12;6;PERS;base;0.0014646666666666669;72.96133333333334;True
5York.gml;(Reach 135);48;54;12;6;PERS;base;0.0015036666666666668;70.77733333333333;True
5Aarnet.gml;(Reach 113);24;24;30;6;kaki;base;0.19433333333333333;93.95866666666666;True
5Abilene.gml;(Reach 59);24;24;6;6;kaki;base;0.18300000000000002;92.93599999999999;True
5Abvt.gml;(Reach 134);34;34;8;6;kaki;base;0.19166666666666665;94.73466666666667;True
5Aconet.gml;(Reach 136);18;18;6;6;kaki;base;0.18466666666666667;92.188;True
5Agis.gml;(Reach 143);18;18;24;6;kaki;base;0.18966666666666665;95.06400000000001;True
5Airtel.gml;(Reach 95);6;6;18;6;kaki;base;0.16766666666666666;88.31333333333333;True
5Ans.gml;(Reach 106);18;24;18;6;kaki;base;0.18933333333333335;93.72666666666667;True
5Arnes.gml;(Reach 197);18;30;13;17;kaki;base;0.25933333333333336;101.12266666666666;True
5Arpanet196912.gml;(Reach 23);0;2;16;2;kaki;base;0.11699999999999999;78.00666666666667;True
5Arpanet19706.gml;(Reach 52);5;16;16;9;kaki;base;0.2213333333333333;94.37599999999999;True
5Arpanet19719.gml;(Reach 103);34;39;8;6;kaki;base;0.20133333333333334;99.38;True
5Arpanet19723.gml;(Reach 145);54;59;6;6;kaki;base;0.22166666666666668;107.83066666666666;True
5Arpanet19728.gml;(Reach 171);48;48;6;6;kaki;base;0.20433333333333334;101.57600000000001;True
5AsnetAm.gml;(Reach 383);15;21;27;12;kaki;base;0.20366666666666666;94.24666666666667;True
5Atmnet.gml;(Reach 120);48;54;6;6;kaki;base;0.20833333333333334;98.456;True
5AttMpls.gml;(Reach 149);17;23;8;11;kaki;base;0.20066666666666666;96.408;True
5Bbnplanet.gml;(Reach 148);24;24;18;6;kaki;base;0.18933333333333335;93.75600000000001;True
5Bellcanada.gml;(Reach 250);42;48;30;12;kaki;base;0.22233333333333336;106.40666666666668;True
5Bellsouth.gml;(Reach 291);6;12;36;6;kaki;base;0.19000000000000003;88.92133333333334;True
5Belnet2003.gml;(Reach 137);6;6;12;6;kaki;base;0.17133333333333334;87.71333333333332;True
5Belnet2004.gml;(Reach 137);6;6;12;6;kaki;base;0.17333333333333334;86.12533333333333;True
5Belnet2005.gml;(Reach 137);7;7;11;6;kaki;base;0.17766666666666667;85.324;True
5Belnet2006.gml;(Reach 137);7;7;11;6;kaki;base;0.17333333333333334;85.06266666666666;True
5Belnet2007.gml;(Reach 120);26;42;6;16;kaki;base;0.232;100.09333333333332;True
5Belnet2008.gml;(Reach 120);26;42;6;16;kaki;base;0.23866666666666667;100.156;True
5Belnet2009.gml;(Reach 114);36;42;6;6;kaki;base;0.19633333333333333;97.46133333333334;True
5Belnet2010.gml;(Reach 126);26;42;6;16;kaki;base;0.217;98.09866666666666;True
5BeyondTheNetwork.gml;(Reach 291);14;21;28;6;kaki;base;0.18933333333333335;94.52533333333334;True
5Bics.gml;(Reach 193);27;30;21;6;kaki;base;0.20033333333333334;94.37866666666666;True
5Biznet.gml;(Reach 164);66;72;24;12;kaki;base;0.25833333333333336;112.62266666666666;True
5Bren.gml;(Reach 221);24;36;18;12;kaki;base;0.21766666666666667;101.88133333333333;True
5BsonetEurope.gml;(Reach 106);10;10;26;6;kaki;base;0.18533333333333335;92.77333333333333;True
5BtAsiaPac.gml;(Reach 119);6;6;18;6;kaki;base;0.17499999999999996;88.456;True
5BtEurope.gml;(Reach 140);6;6;18;6;kaki;base;0.17966666666666667;87.36933333333333;True
5BtNorthAmerica.gml;(Reach 214);22;27;11;9;kaki;base;0.20133333333333334;92.072;True
5Canerie.gml;(Reach 190);17;34;21;16;kaki;base;0.267;99.09733333333334;True
5Cernet.gml;(Reach 243);6;17;13;17;kaki;base;0.258;101.24666666666667;True
5Cesnet2001.gml;(Reach 132);5;5;20;5;kaki;base;0.16433333333333333;83.86;True
5Cesnet200304.gml;(Reach 168);9;12;24;9;kaki;base;0.20099999999999998;93.33999999999999;True
5Cesnet200511.gml;(Reach 214);12;12;30;6;kaki;base;0.18866666666666665;93.856;True
5Cesnet200603.gml;(Reach 214);12;12;30;6;kaki;base;0.18499999999999997;89.85199999999999;True
5Cesnet200706.gml;(Reach 258);10;16;26;6;kaki;base;0.19899999999999998;90.85199999999999;True
5Cesnet201006.gml;(Reach 306);16;19;17;9;kaki;base;0.22;96.64533333333334;True
5Chinanet.gml;(Reach 247);6;12;18;6;kaki;base;0.17666666666666667;88.688;True
5Claranet.gml;(Reach 88);6;12;18;6;kaki;base;0.18433333333333332;88.76133333333333;True
5Cogentco.gml;(Reach 1167);96;114;60;18;kaki;base;0.4163333333333334;141.65333333333334;True
5Colt.gml;(Reach 860);72;111;30;24;kaki;base;0.5459999999999999;131.31466666666668;True
5Columbus.gml;(Reach 414);78;102;24;12;kaki;base;0.25266666666666665;114.78266666666667;True
5Compuserve.gml;(Reach 81);16;21;8;6;kaki;base;0.19133333333333336;95.48;True
5CrlNetworkServices.gml;(Reach 195);45;59;13;8;kaki;base;0.25033333333333335;106.95466666666668;True
5Cwix.gml;(Reach 209);34;37;13;7;kaki;base;0.209;94.86533333333334;True
5Darkstrand.gml;(Reach 162);60;66;6;6;kaki;base;0.2316666666666667;105.964;True
5Dataxchange.gml;(Reach 35);0;2;16;2;kaki;base;0.127;80.63466666666666;True
5Deltacom.gml;(Reach 673);78;90;54;12;kaki;base;0.25766666666666665;120.456;True
5Dfn.gml;(Reach 347);25;25;6;11;kaki;base;0.19966666666666666;95.072;True
5Digex.gml;(Reach 182);54;60;6;6;kaki;base;0.22433333333333336;105.06;True
5Easynet.gml;(Reach 107);9;18;21;12;kaki;base;0.24533333333333332;93.23866666666667;True
5EliBackbone.gml;(Reach 112);15;22;10;17;kaki;base;0.25433333333333336;95.58933333333334;True
5Epoch.gml;(Reach 35);11;11;7;6;kaki;base;0.17966666666666664;88.04;True
5Ernet.gml;(Reach 168);6;6;30;6;kaki;base;0.18866666666666668;86.45733333333332;True
5Esnet.gml;(Reach 397);40;47;12;8;kaki;base;0.2253333333333333;97.69333333333333;True
5Evolink.gml;(Reach 213);36;36;12;12;kaki;base;0.221;98.644;True
5Fatman.gml;(Reach 91);6;12;24;6;kaki;base;0.19299999999999998;90.30133333333333;True
5Fccn.gml;(Reach 134);0;6;30;6;kaki;base;0.18133333333333335;85.35333333333334;True
5Forthnet.gml;(Reach 363);0;6;42;6;kaki;base;0.17466666666666666;89.484;True
5Funet.gml;(Reach 151);42;48;12;6;kaki;base;0.20966666666666667;101.31066666666668;True
5Gambia.gml;(Reach 159);6;18;42;6;kaki;base;0.19033333333333333;91.94;True
5Garr200212.gml;(Reach 154);6;6;18;6;kaki;base;0.17433333333333334;87.73599999999999;True
5Garr200902.gml;(Reach 321);12;17;25;11;kaki;base;0.19866666666666666;92.56266666666666;True
5Garr200908.gml;(Reach 321);12;17;25;11;kaki;base;0.19899999999999998;93.53466666666667;True
5Garr200909.gml;(Reach 327);12;17;25;11;kaki;base;0.19699999999999998;92.18799999999999;True
5Garr200912.gml;(Reach 321);12;17;25;11;kaki;base;0.20133333333333334;92.30266666666667;True
5Garr201001.gml;(Reach 321);12;17;25;11;kaki;base;0.20299999999999999;94.13333333333333;True
5Garr201003.gml;(Reach 321);12;17;25;11;kaki;base;0.20099999999999998;93.948;True
5Garr201004.gml;(Reach 321);12;17;25;11;kaki;base;0.19666666666666668;93.79466666666667;True
5Garr201005.gml;(Reach 327);12;17;25;11;kaki;base;0.20233333333333334;93.98533333333334;True
5Garr201007.gml;(Reach 327);12;17;25;11;kaki;base;0.20333333333333334;93.17333333333333;True
5Garr201008.gml;(Reach 327);12;17;25;11;kaki;base;0.19266666666666668;92.34933333333333;True
5Garr201010.gml;(Reach 333);17;22;25;6;kaki;base;0.18933333333333335;94.29066666666667;True
5Garr201012.gml;(Reach 333);17;22;25;6;kaki;base;0.19000000000000003;94.552;True
5Garr201101.gml;(Reach 333);17;22;25;6;kaki;base;0.19000000000000003;94.528;True
5Garr201102.gml;(Reach 339);17;22;25;6;kaki;base;0.20066666666666666;95.03333333333335;True
5Garr201103.gml;(Reach 341);12;12;25;11;kaki;base;0.19599999999999998;96.09733333333334;True
5Garr201104.gml;(Reach 347);12;12;25;11;kaki;base;0.20633333333333334;95.31866666666667;True
5Garr201105.gml;(Reach 326);9;12;36;9;kaki;base;0.18433333333333332;93.46;True
5Garr201107.gml;(Reach 326);9;12;36;9;kaki;base;0.18699999999999997;94.98266666666666;True
5Garr201108.gml;(Reach 326);9;12;36;9;kaki;base;0.19266666666666665;93.116;True
5Garr201109.gml;(Reach 326);9;12;36;9;kaki;base;0.19833333333333333;94.61200000000001;True
5Garr201110.gml;(Reach 326);9;12;36;9;kaki;base;0.19366666666666665;94.88666666666667;True
5Garr201111.gml;(Reach 332);12;15;33;9;kaki;base;0.19499999999999998;91.848;True
5Garr201112.gml;(Reach 338);12;15;33;9;kaki;base;0.19499999999999998;93.90933333333334;True
5Garr201201.gml;(Reach 338);12;15;33;9;kaki;base;0.20033333333333334;94.08;True
5Geant2001.gml;(Reach 149);14;16;22;6;kaki;base;0.18733333333333335;93.06933333333332;True
5Geant2009.gml;(Reach 203);35;35;7;6;kaki;base;0.20666666666666667;95.05333333333333;True
5Geant2010.gml;(Reach 221);28;33;9;11;kaki;base;0.20366666666666666;97.652;True
5Geant2012.gml;(Reach 237);18;24;24;12;kaki;base;0.2353333333333333;95.41866666666665;True
5Getnet.gml;(Reach 41);6;11;12;6;kaki;base;0.17899999999999996;90.75600000000001;True
5Globalcenter.gml;(Reach 53);0;5;7;5;kaki;base;0.158;84.47866666666667;True
5Globenet.gml;(Reach 393);12;42;62;22;kaki;base;0.3313333333333333;113.50666666666666;True
5Goodnet.gml;(Reach 98);8;8;16;6;kaki;base;0.17966666666666664;87.29199999999999;True
5Gridnet.gml;(Reach 53);5;5;8;5;kaki;base;0.16;84.48;True
5Grnet.gml;(Reach 212);9;9;39;6;kaki;base;0.18400000000000002;93.08266666666667;True
5GtsCe.gml;(Reach 888);60;126;30;42;kaki;base;0.46866666666666673;137.08;True
5GtsCzechRepublic.gml;(Reach 183);37;55;7;16;kaki;base;0.2333333333333333;103.95466666666668;True
5GtsHungary.gml;(Reach 173);30;30;12;12;kaki;base;0.21366666666666667;102.27733333333333;True
5GtsPoland.gml;(Reach 193);42;48;12;12;kaki;base;0.22966666666666669;111.22533333333332;True
5GtsRomania.gml;(Reach 121);6;12;24;6;kaki;base;0.18366666666666667;87.40933333333334;True
5GtsSlovakia.gml;(Reach 206);12;12;24;6;kaki;base;0.18133333333333335;91.62533333333333;True
5Harnet.gml;(Reach 125);12;12;18;6;kaki;base;0.18133333333333335;91.324;True
5Heanet.gml;(Reach 41);5;5;8;5;kaki;base;0.169;84.94933333333334;True
5HiberniaCanada.gml;(Reach 74);22;30;12;8;kaki;base;0.21;94.464;True
5HiberniaGlobal.gml;(Reach 305);53;68;25;24;kaki;base;0.39766666666666667;117.67199999999998;True
5HiberniaIreland.gml;(Reach 47);6;12;18;6;kaki;base;0.17633333333333331;86.13866666666667;True
5HiberniaNireland.gml;(Reach 100);30;30;12;6;kaki;base;0.19333333333333336;92.86266666666667;True
5HiberniaUk.gml;(Reach 85);30;36;12;6;kaki;base;0.215;95.59866666666666;True
5HiberniaUs.gml;(Reach 121);24;24;42;6;kaki;base;0.206;94.36133333333333;True
5Highwinds.gml;(Reach 93);18;18;18;12;kaki;base;0.19800000000000004;93.24133333333333;True
5HostwayInternational.gml;(Reach 94);24;27;21;9;kaki;base;0.23033333333333336;97.74399999999999;True
5HurricaneElectric.gml;(Reach 137);18;18;18;6;kaki;base;0.18733333333333335;92.928;True
5Ibm.gml;(Reach 103);28;28;8;6;kaki;base;0.19200000000000003;93.06666666666666;True
5Iij.gml;(Reach 217);16;16;14;6;kaki;base;0.18899999999999997;93.26266666666668;True
5Iinet.gml;(Reach 178);6;6;24;6;kaki;base;0.18000000000000002;85.38533333333334;True
5Ilan.gml;(Reach 82);6;6;18;6;kaki;base;0.17366666666666666;87.55333333333333;True
5Integra.gml;(Reach 147);23;23;19;6;kaki;base;0.18966666666666665;94.54133333333334;True
5Intellifiber.gml;(Reach 434);53;65;25;18;kaki;base;0.3056666666666667;115.81066666666668;True
5Internetmci.gml;(Reach 113);8;13;13;9;kaki;base;0.18999999999999997;92.368;True
5Internode.gml;(Reach 395);15;15;21;6;kaki;base;0.18200000000000002;93.55333333333333;True
5Interoute.gml;(Reach 658);60;95;19;29;kaki;base;0.34299999999999997;135.03733333333335;True
5Intranetwork.gml;(Reach 225);42;54;30;30;kaki;base;0.38033333333333336;112.39999999999999;True
5Ion.gml;(Reach 727);126;132;18;12;kaki;base;0.36833333333333335;143.71333333333334;True
5IowaStatewideFiberMap.gml;(Reach 191);24;30;30;6;kaki;base;0.19833333333333333;95.33999999999999;True
5Iris.gml;(Reach 299);54;60;6;12;kaki;base;0.22333333333333336;100.97066666666666;True
5Janetbackbone.gml;(Reach 170);18;28;7;11;kaki;base;0.19999999999999998;95.728;True
5Janetlense.gml;(Reach 109);6;6;18;6;kaki;base;0.17400000000000002;88.56666666666666;True
5Karen.gml;(Reach 143);23;23;14;11;kaki;base;0.19666666666666668;94.57066666666667;True
5Kdl.gml;(Reach 4516);303;325;38;13;kaki;base;0.5296666666666666;205.936;True
5KentmanFeb2008.gml;(Reach 143);6;6;30;6;kaki;base;0.17666666666666667;85.488;True
5KentmanJan2011.gml;(Reach 227);0;3;39;3;kaki;base;0.1386666666666667;81.87333333333333;True
5KentmanJul2005.gml;(Reach 93);12;18;24;6;kaki;base;0.18966666666666665;95.17999999999999;True
5LambdaNet.gml;(Reach 235);66;90;12;6;kaki;base;0.2373333333333333;114.46933333333334;True
5Latnet.gml;(Reach 413);0;2;76;2;kaki;base;0.13466666666666668;85.532;True
5Layer42.gml;(Reach 34);6;6;12;6;kaki;base;0.17733333333333334;88.07600000000001;True
5Litnet.gml;(Reach 257);6;12;18;6;kaki;base;0.18833333333333332;88.824;True
5Marnet.gml;(Reach 119);5;5;14;5;kaki;base;0.161;87.35199999999999;True
5Marwan.gml;(Reach 92);15;15;21;6;kaki;base;0.19099999999999998;93.16933333333333;True
5Missouri.gml;(Reach 387);58;68;26;6;kaki;base;0.22433333333333336;109.508;True
5Myren.gml;(Reach 221);0;3;27;3;kaki;base;0.1386666666666667;81.444;True
5Napnet.gml;(Reach 35);0;2;16;2;kaki;base;0.125;78.14800000000001;True
5Navigata.gml;(Reach 74);9;9;15;6;kaki;base;0.17366666666666666;86.36266666666666;True
5Netrail.gml;(Reach 41);5;5;8;5;kaki;base;0.16366666666666665;84.62;True
5NetworkUsa.gml;(Reach 208);48;59;7;11;kaki;base;0.23966666666666667;107.36666666666667;True
5Nextgen.gml;(Reach 100);36;36;18;12;kaki;base;0.2733333333333334;104.59733333333334;True
5Niif.gml;(Reach 200);20;25;16;12;kaki;base;0.20633333333333334;95.06533333333334;True
5Noel.gml;(Reach 112);17;23;19;6;kaki;base;0.19533333333333336;94.312;True
5Nsfnet.gml;(Reach 73);12;12;18;6;kaki;base;0.19699999999999998;91.56933333333332;True
5Oxford.gml;(Reach 113);30;42;6;12;kaki;base;0.2363333333333333;99.06133333333332;True
5Pacificwave.gml;(Reach 107);0;6;18;6;kaki;base;0.16633333333333333;85.26133333333333;True
5Packetexchange.gml;(Reach 122);24;30;24;12;kaki;base;0.2723333333333333;101.272;True
5Palmetto.gml;(Reach 263);45;54;21;12;kaki;base;0.27499999999999997;111.14800000000001;True
5Peer1.gml;(Reach 91);15;18;21;6;kaki;base;0.19699999999999998;93.87733333333334;True
5Pern.gml;(Reach 760);18;24;30;6;kaki;base;0.18600000000000003;93.43866666666668;True
5PionierL1.gml;(Reach 205);48;66;18;6;kaki;base;0.22066666666666668;105.74533333333333;True
5PionierL3.gml;(Reach 227);36;51;21;9;kaki;base;0.24966666666666668;105.32799999999999;True
5Psinet.gml;(Reach 137);36;36;30;6;kaki;base;0.21366666666666667;98.35866666666668;True
5Quest.gml;(Reach 119);22;23;8;6;kaki;base;0.19400000000000003;94.16133333333333;True
5RedBestel.gml;(Reach 503);66;150;96;12;kaki;base;0.305;129.31333333333333;True
5Rediris.gml;(Reach 108);11;11;8;11;kaki;base;0.19699999999999998;94.10000000000001;True
5Renater2001.gml;(Reach 142);4;17;32;6;kaki;base;0.18933333333333335;90.09733333333334;True
5Renater2004.gml;(Reach 179);18;18;18;12;kaki;base;0.25266666666666665;97.02933333333333;True
5Renater2006.gml;(Reach 197);24;24;18;6;kaki;base;0.20333333333333334;93.13866666666667;True
5Renater2008.gml;(Reach 197);24;24;18;6;kaki;base;0.204;94.168;True
5Renater2010.gml;(Reach 251);48;54;6;6;kaki;base;0.2253333333333333;99.14800000000001;True
5Restena.gml;(Reach 108);12;17;13;11;kaki;base;0.20199999999999999;91.91466666666668;True
5Rhnet.gml;(Reach 87);12;26;34;8;kaki;base;0.22566666666666668;95.61333333333334;True
5Rnp.gml;(Reach 174);18;30;42;12;kaki;base;0.27166666666666667;104.476;True
5Roedunet.gml;(Reach 251);6;6;18;6;kaki;base;0.17800000000000002;88.81866666666667;True
5RoedunetFibre.gml;(Reach 281);36;36;42;6;kaki;base;0.215;98.88799999999999;True
5Sanet.gml;(Reach 249);51;55;26;7;kaki;base;0.232;102.68133333333333;True
5Sanren.gml;(Reach 41);12;18;6;6;kaki;base;0.19266666666666668;92.04666666666667;True
5Savvis.gml;(Reach 110);39;45;9;6;kaki;base;0.217;103.98266666666666;True
5Shentel.gml;(Reach 167);30;42;42;12;kaki;base;0.22566666666666668;103.10266666666666;True
5Sinet.gml;(Reach 443);19;25;23;6;kaki;base;0.19933333333333333;94.00666666666666;True
5Spiralight.gml;(Reach 85);36;36;6;12;kaki;base;0.229;100.73200000000001;True
5Sprint.gml;(Reach 57);8;8;16;6;kaki;base;0.18299999999999997;88.45866666666666;True
5Sunet.gml;(Reach 148);48;54;18;12;kaki;base;0.28633333333333333;110.05466666666666;True
5Surfnet.gml;(Reach 291);41;52;14;17;kaki;base;0.2786666666666667;109.73333333333333;True
5Switch.gml;(Reach 432);60;60;18;6;kaki;base;0.20933333333333334;102.58666666666666;True
5SwitchL3.gml;(Reach 250);16;21;15;11;kaki;base;0.212;96.04933333333334;True
5Syringa.gml;(Reach 394);96;102;90;6;kaki;base;0.3056666666666667;121.84533333333333;True
5TataNld.gml;(Reach 864);150;168;6;18;kaki;base;0.4186666666666667;154.008;True
5Telecomserbia.gml;(Reach 35);12;12;6;6;kaki;base;0.18233333333333332;89.73733333333332;True
5Tinet.gml;(Reach 317);36;36;18;6;kaki;base;0.20433333333333334;96.036;True
5Twaren.gml;(Reach 118);6;6;18;6;kaki;base;0.17766666666666664;88.404;True
5Ulaknet.gml;(Reach 491);0;4;26;4;kaki;base;0.144;83.41733333333333;True
5UniC.gml;(Reach 142);24;36;30;18;kaki;base;0.26633333333333337;106.13066666666667;True
5Uninet.gml;(Reach 73);16;16;9;11;kaki;base;0.20033333333333334;93.82;True
5Uninett2010.gml;(Reach 434);37;42;17;6;kaki;base;0.19633333333333333;101.96;True
5Uninett2011.gml;(Reach 412);48;53;6;6;kaki;base;0.21066666666666667;99.91199999999999;True
5UsCarrier.gml;(Reach 937);90;126;102;24;kaki;base;0.4463333333333333;147.604;True
5Uunet.gml;(Reach 285);28;28;18;8;kaki;base;0.20133333333333334;96.52666666666666;True
5Vinaren.gml;(Reach 148);0;8;34;8;kaki;base;0.19566666666666666;89.63466666666666;True
5VtlWavenet2008.gml;(Reach 522);180;180;6;6;kaki;base;0.3323333333333333;154.212;True
5VtlWavenet2011.gml;(Reach 546);180;180;6;6;kaki;base;0.34400000000000003;151.78533333333334;True
5WideJpn.gml;(Reach 165);12;18;30;6;kaki;base;0.18733333333333335;94.16266666666667;True
5Xeex.gml;(Reach 134);29;29;7;6;kaki;base;0.19666666666666668;93.668;True
5Xspedius.gml;(Reach 196);30;30;12;6;kaki;base;0.19400000000000003;96.472;True
5York.gml;(Reach 135);48;54;12;6;kaki;base;0.21666666666666667;101.13066666666667;True
